<?xml version="1.0" encoding="UTF-8" standalone="yes"?>
<addon id="plugin.video.tvkings2"
       name="[COLOR darkgrey]tvpro[/COLOR]"
       version="1.0.1"
       provider-name="TV Kings">
  <requires>
    <import addon="xbmc.python" version="2.1.0"/>
	<import addon="script.module.requests" />
  </requires>
  <extension point="xbmc.python.pluginsource"
            library="default.py">
        <provides>video</provides>
  </extension>
  <extension point="xbmc.addon.metadata">
    <summary lang="en">[COLOR darkgrey]tvpro[/COLOR]</summary>
    <language>en</language>
    <description lang="en">[COLOR darkgrey]tvpro[/COLOR] Official Addon - High Quality and Stable Streams - for more info go to [COLOR yellowgreen]tvstreams.xyz[/COLOR]</description>
     <platform>all</platform>
  </extension>
</addon>
