<?xml version="1.0" encoding="UTF-8"?>
<addon id="repository.mytvpro.tvpro" name="mytvpro/tvpro Repository" version="1.0.2" provider-name="mytvpro">
    <extension point="xbmc.addon.repository">
        
        <dir minversion="17.0.0">
            <info compressed="false">https://mytvpro.github.io/tvpro/master/addons.xml</info>
            <checksum>https://mytvpro.github.io/tvpro/master/addons.xml.md5</checksum>
            <datadir zip="true">https://mytvpro.github.io/tvpro/master/datadir/</datadir>
        </dir>

    </extension>
    <extension point="xbmc.addon.metadata">
        <summary lang="en_GB">A personal Kodi addon repository from https://github.com/mytvpro/tvpro</summary>
        <description lang="en_GB"></description>
        <language></language>
        <platform>all</platform>
        <license>GPL-3.0</license>
        <forum></forum>
        <source></source>
        <news></news>
        <disclaimer></disclaimer>
        <assets>
            <icon>resources/icon.png</icon>
            <fanart></fanart>
        </assets>
    </extension>
</addon>